{
  "w": 1439,
  "h": 2048,
  "screen": 1,
  "kok_cl": "#FF0000",
  "book_mark": -1,
  "guide_thumb": "",
  "eva_model": "",
  "eva_txt": "",
  "h5player_loc": "",
  "h5player_loc_relative": "",
  "max_scale": 2,
  "pages": [
    {
      "name": "cover1",
      "type": 3,
      "index": 1,
      "thumb": "/preview/cover1.j",
      "thumb_name": "",
      "partno": 1,
      "page_id": "61110Cover001"
    },
    {
      "name": "cover3",
      "type": 3,
      "index": 2,
      "thumb": "/preview/cover3.j",
      "thumb_name": "",
      "partno": 1,
      "page_id": "61110Cover003"
    },
    {
      "name": "cover5",
      "type": 3,
      "index": 3,
      "thumb": "/preview/cover5.j",
      "thumb_name": "",
      "partno": 1,
      "page_id": "61110Cover005"
    },
    {
      "name": "content1",
      "type": 2,
      "index": 1,
      "thumb": "/preview/content1.j",
      "thumb_name": "目录",
      "partno": 1,
      "page_id": "61110Content001"
    },
    {
      "name": "content2",
      "type": 2,
      "index": 2,
      "thumb": "/preview/content2.j",
      "thumb_name": "目录",
      "partno": 1,
      "page_id": "61110Content002"
    },
    {
      "name": "page002",
      "type": 1,
      "index": 1,
      "thumb": "/preview/page002.j",
      "thumb_name": "2",
      "partno": 2,
      "page_id": "61110Page001"
    },
    {
      "name": "page003",
      "type": 1,
      "index": 2,
      "thumb": "/preview/page003.j",
      "thumb_name": "3",
      "partno": 2,
      "page_id": "61110Page002"
    },
    {
      "name": "page004",
      "type": 1,
      "index": 3,
      "thumb": "/preview/page004.j",
      "thumb_name": "4",
      "partno": 2,
      "page_id": "61110Page003"
    },
    {
      "name": "page005",
      "type": 1,
      "index": 4,
      "thumb": "/preview/page005.j",
      "thumb_name": "5",
      "partno": 3,
      "page_id": "61110Page004"
    },
    {
      "name": "page006",
      "type": 1,
      "index": 5,
      "thumb": "/preview/page006.j",
      "thumb_name": "6",
      "partno": 3,
      "page_id": "61110Page005"
    },
    {
      "name": "page007",
      "type": 1,
      "index": 6,
      "thumb": "/preview/page007.j",
      "thumb_name": "7",
      "partno": 3,
      "page_id": "61110Page006"
    },
    {
      "name": "page008",
      "type": 1,
      "index": 7,
      "thumb": "/preview/page008.j",
      "thumb_name": "8",
      "partno": 3,
      "page_id": "61110Page007"
    },
    {
      "name": "page009",
      "type": 1,
      "index": 8,
      "thumb": "/preview/page009.j",
      "thumb_name": "9",
      "partno": 3,
      "page_id": "61110Page008"
    },
    {
      "name": "page010",
      "type": 1,
      "index": 9,
      "thumb": "/preview/page010.j",
      "thumb_name": "10",
      "partno": 3,
      "page_id": "61110Page009"
    },
    {
      "name": "page011",
      "type": 1,
      "index": 10,
      "thumb": "/preview/page011.j",
      "thumb_name": "11",
      "partno": 3,
      "page_id": "61110Page010"
    },
    {
      "name": "page012",
      "type": 1,
      "index": 11,
      "thumb": "/preview/page012.j",
      "thumb_name": "12",
      "partno": 3,
      "page_id": "61110Page011"
    },
    {
      "name": "page013",
      "type": 1,
      "index": 12,
      "thumb": "/preview/page013.j",
      "thumb_name": "13",
      "partno": 3,
      "page_id": "61110Page012"
    },
    {
      "name": "page014",
      "type": 1,
      "index": 13,
      "thumb": "/preview/page014.j",
      "thumb_name": "14",
      "partno": 3,
      "page_id": "61110Page013"
    },
    {
      "name": "page015",
      "type": 1,
      "index": 14,
      "thumb": "/preview/page015.j",
      "thumb_name": "15",
      "partno": 3,
      "page_id": "61110Page014"
    },
    {
      "name": "page016",
      "type": 1,
      "index": 15,
      "thumb": "/preview/page016.j",
      "thumb_name": "16",
      "partno": 3,
      "page_id": "61110Page015"
    },
    {
      "name": "page017",
      "type": 1,
      "index": 16,
      "thumb": "/preview/page017.j",
      "thumb_name": "17",
      "partno": 3,
      "page_id": "61110Page016"
    },
    {
      "name": "page018",
      "type": 1,
      "index": 17,
      "thumb": "/preview/page018.j",
      "thumb_name": "18",
      "partno": 4,
      "page_id": "61110Page017"
    },
    {
      "name": "page019",
      "type": 1,
      "index": 18,
      "thumb": "/preview/page019.j",
      "thumb_name": "19",
      "partno": 4,
      "page_id": "61110Page018"
    },
    {
      "name": "page020",
      "type": 1,
      "index": 19,
      "thumb": "/preview/page020.j",
      "thumb_name": "20",
      "partno": 4,
      "page_id": "61110Page019"
    },
    {
      "name": "page021",
      "type": 1,
      "index": 20,
      "thumb": "/preview/page021.j",
      "thumb_name": "21",
      "partno": 4,
      "page_id": "61110Page020"
    },
    {
      "name": "page022",
      "type": 1,
      "index": 21,
      "thumb": "/preview/page022.j",
      "thumb_name": "22",
      "partno": 4,
      "page_id": "61110Page021"
    },
    {
      "name": "page023",
      "type": 1,
      "index": 22,
      "thumb": "/preview/page023.j",
      "thumb_name": "23",
      "partno": 4,
      "page_id": "61110Page022"
    },
    {
      "name": "page024",
      "type": 1,
      "index": 23,
      "thumb": "/preview/page024.j",
      "thumb_name": "24",
      "partno": 4,
      "page_id": "61110Page023"
    },
    {
      "name": "page025",
      "type": 1,
      "index": 24,
      "thumb": "/preview/page025.j",
      "thumb_name": "25",
      "partno": 4,
      "page_id": "61110Page024"
    },
    {
      "name": "page026",
      "type": 1,
      "index": 25,
      "thumb": "/preview/page026.j",
      "thumb_name": "26",
      "partno": 4,
      "page_id": "61110Page025"
    },
    {
      "name": "page027",
      "type": 1,
      "index": 26,
      "thumb": "/preview/page027.j",
      "thumb_name": "27",
      "partno": 4,
      "page_id": "61110Page026"
    },
    {
      "name": "page028",
      "type": 1,
      "index": 27,
      "thumb": "/preview/page028.j",
      "thumb_name": "28",
      "partno": 4,
      "page_id": "61110Page027"
    },
    {
      "name": "page029",
      "type": 1,
      "index": 28,
      "thumb": "/preview/page029.j",
      "thumb_name": "29",
      "partno": 4,
      "page_id": "61110Page028"
    },
    {
      "name": "page030",
      "type": 1,
      "index": 29,
      "thumb": "/preview/page030.j",
      "thumb_name": "30",
      "partno": 4,
      "page_id": "61110Page029"
    },
    {
      "name": "page031",
      "type": 1,
      "index": 30,
      "thumb": "/preview/page031.j",
      "thumb_name": "31",
      "partno": 4,
      "page_id": "61110Page030"
    },
    {
      "name": "page032",
      "type": 1,
      "index": 31,
      "thumb": "/preview/page032.j",
      "thumb_name": "32",
      "partno": 4,
      "page_id": "61110Page031"
    },
    {
      "name": "page033",
      "type": 1,
      "index": 32,
      "thumb": "/preview/page033.j",
      "thumb_name": "33",
      "partno": 4,
      "page_id": "61110Page032"
    },
    {
      "name": "page034",
      "type": 1,
      "index": 33,
      "thumb": "/preview/page034.j",
      "thumb_name": "34",
      "partno": 4,
      "page_id": "61110Page033"
    },
    {
      "name": "page035",
      "type": 1,
      "index": 34,
      "thumb": "/preview/page035.j",
      "thumb_name": "35",
      "partno": 4,
      "page_id": "61110Page034"
    },
    {
      "name": "page036",
      "type": 1,
      "index": 35,
      "thumb": "/preview/page036.j",
      "thumb_name": "36",
      "partno": 4,
      "page_id": "61110Page035"
    },
    {
      "name": "page037",
      "type": 1,
      "index": 36,
      "thumb": "/preview/page037.j",
      "thumb_name": "37",
      "partno": 4,
      "page_id": "61110Page036"
    },
    {
      "name": "page038",
      "type": 1,
      "index": 37,
      "thumb": "/preview/page038.j",
      "thumb_name": "38",
      "partno": 4,
      "page_id": "61110Page037"
    },
    {
      "name": "page039",
      "type": 1,
      "index": 38,
      "thumb": "/preview/page039.j",
      "thumb_name": "39",
      "partno": 4,
      "page_id": "61110Page038"
    },
    {
      "name": "page040",
      "type": 1,
      "index": 39,
      "thumb": "/preview/page040.j",
      "thumb_name": "40",
      "partno": 4,
      "page_id": "61110Page039"
    },
    {
      "name": "page041",
      "type": 1,
      "index": 40,
      "thumb": "/preview/page041.j",
      "thumb_name": "41",
      "partno": 4,
      "page_id": "61110Page040"
    },
    {
      "name": "page042",
      "type": 1,
      "index": 41,
      "thumb": "/preview/page042.j",
      "thumb_name": "42",
      "partno": 4,
      "page_id": "61110Page041"
    },
    {
      "name": "page043",
      "type": 1,
      "index": 42,
      "thumb": "/preview/page043.j",
      "thumb_name": "43",
      "partno": 4,
      "page_id": "61110Page042"
    },
    {
      "name": "page044",
      "type": 1,
      "index": 43,
      "thumb": "/preview/page044.j",
      "thumb_name": "44",
      "partno": 5,
      "page_id": "61110Page043"
    },
    {
      "name": "page045",
      "type": 1,
      "index": 44,
      "thumb": "/preview/page045.j",
      "thumb_name": "45",
      "partno": 6,
      "page_id": "61110Page044"
    },
    {
      "name": "page046",
      "type": 1,
      "index": 45,
      "thumb": "/preview/page046.j",
      "thumb_name": "46",
      "partno": 6,
      "page_id": "61110Page045"
    },
    {
      "name": "page047",
      "type": 1,
      "index": 46,
      "thumb": "/preview/page047.j",
      "thumb_name": "47",
      "partno": 6,
      "page_id": "61110Page046"
    },
    {
      "name": "page048",
      "type": 1,
      "index": 47,
      "thumb": "/preview/page048.j",
      "thumb_name": "48",
      "partno": 6,
      "page_id": "61110Page047"
    },
    {
      "name": "page049",
      "type": 1,
      "index": 48,
      "thumb": "/preview/page049.j",
      "thumb_name": "49",
      "partno": 6,
      "page_id": "61110Page048"
    },
    {
      "name": "page050",
      "type": 1,
      "index": 49,
      "thumb": "/preview/page050.j",
      "thumb_name": "50",
      "partno": 6,
      "page_id": "61110Page049"
    },
    {
      "name": "page051",
      "type": 1,
      "index": 50,
      "thumb": "/preview/page051.j",
      "thumb_name": "51",
      "partno": 6,
      "page_id": "61110Page050"
    },
    {
      "name": "page052",
      "type": 1,
      "index": 51,
      "thumb": "/preview/page052.j",
      "thumb_name": "52",
      "partno": 6,
      "page_id": "61110Page051"
    },
    {
      "name": "page053",
      "type": 1,
      "index": 52,
      "thumb": "/preview/page053.j",
      "thumb_name": "53",
      "partno": 6,
      "page_id": "61110Page052"
    },
    {
      "name": "page054",
      "type": 1,
      "index": 53,
      "thumb": "/preview/page054.j",
      "thumb_name": "54",
      "partno": 6,
      "page_id": "61110Page053"
    },
    {
      "name": "page055",
      "type": 1,
      "index": 54,
      "thumb": "/preview/page055.j",
      "thumb_name": "55",
      "partno": 6,
      "page_id": "61110Page054"
    },
    {
      "name": "page056",
      "type": 1,
      "index": 55,
      "thumb": "/preview/page056.j",
      "thumb_name": "56",
      "partno": 6,
      "page_id": "61110Page055"
    },
    {
      "name": "page057",
      "type": 1,
      "index": 56,
      "thumb": "/preview/page057.j",
      "thumb_name": "57",
      "partno": 6,
      "page_id": "61110Page056"
    },
    {
      "name": "page058",
      "type": 1,
      "index": 57,
      "thumb": "/preview/page058.j",
      "thumb_name": "58",
      "partno": 6,
      "page_id": "61110Page057"
    },
    {
      "name": "page059",
      "type": 1,
      "index": 58,
      "thumb": "/preview/page059.j",
      "thumb_name": "59",
      "partno": 6,
      "page_id": "61110Page058"
    },
    {
      "name": "page060",
      "type": 1,
      "index": 59,
      "thumb": "/preview/page060.j",
      "thumb_name": "60",
      "partno": 6,
      "page_id": "61110Page059"
    },
    {
      "name": "page061",
      "type": 1,
      "index": 60,
      "thumb": "/preview/page061.j",
      "thumb_name": "61",
      "partno": 6,
      "page_id": "61110Page060"
    },
    {
      "name": "page062",
      "type": 1,
      "index": 61,
      "thumb": "/preview/page062.j",
      "thumb_name": "62",
      "partno": 6,
      "page_id": "61110Page061"
    },
    {
      "name": "page063",
      "type": 1,
      "index": 62,
      "thumb": "/preview/page063.j",
      "thumb_name": "63",
      "partno": 6,
      "page_id": "61110Page062"
    },
    {
      "name": "page064",
      "type": 1,
      "index": 63,
      "thumb": "/preview/page064.j",
      "thumb_name": "64",
      "partno": 6,
      "page_id": "61110Page063"
    },
    {
      "name": "page065",
      "type": 1,
      "index": 64,
      "thumb": "/preview/page065.j",
      "thumb_name": "65",
      "partno": 6,
      "page_id": "61110Page064"
    },
    {
      "name": "page066",
      "type": 1,
      "index": 65,
      "thumb": "/preview/page066.j",
      "thumb_name": "66",
      "partno": 6,
      "page_id": "61110Page065"
    },
    {
      "name": "page067",
      "type": 1,
      "index": 66,
      "thumb": "/preview/page067.j",
      "thumb_name": "67",
      "partno": 6,
      "page_id": "61110Page066"
    },
    {
      "name": "page068",
      "type": 1,
      "index": 67,
      "thumb": "/preview/page068.j",
      "thumb_name": "68",
      "partno": 6,
      "page_id": "61110Page067"
    },
    {
      "name": "page069",
      "type": 1,
      "index": 68,
      "thumb": "/preview/page069.j",
      "thumb_name": "69",
      "partno": 6,
      "page_id": "61110Page068"
    },
    {
      "name": "page070",
      "type": 1,
      "index": 69,
      "thumb": "/preview/page070.j",
      "thumb_name": "70",
      "partno": 6,
      "page_id": "61110Page069"
    },
    {
      "name": "page071",
      "type": 1,
      "index": 70,
      "thumb": "/preview/page071.j",
      "thumb_name": "71",
      "partno": 6,
      "page_id": "61110Page070"
    },
    {
      "name": "page072",
      "type": 1,
      "index": 71,
      "thumb": "/preview/page072.j",
      "thumb_name": "72",
      "partno": 6,
      "page_id": "61110Page071"
    },
    {
      "name": "page073",
      "type": 1,
      "index": 72,
      "thumb": "/preview/page073.j",
      "thumb_name": "73",
      "partno": 6,
      "page_id": "61110Page072"
    },
    {
      "name": "page074",
      "type": 1,
      "index": 73,
      "thumb": "/preview/page074.j",
      "thumb_name": "74",
      "partno": 6,
      "page_id": "61110Page073"
    },
    {
      "name": "page075",
      "type": 1,
      "index": 74,
      "thumb": "/preview/page075.j",
      "thumb_name": "75",
      "partno": 6,
      "page_id": "61110Page074"
    },
    {
      "name": "page076",
      "type": 1,
      "index": 75,
      "thumb": "/preview/page076.j",
      "thumb_name": "76",
      "partno": 6,
      "page_id": "61110Page075"
    },
    {
      "name": "page077",
      "type": 1,
      "index": 76,
      "thumb": "/preview/page077.j",
      "thumb_name": "77",
      "partno": 6,
      "page_id": "61110Page076"
    },
    {
      "name": "page078",
      "type": 1,
      "index": 77,
      "thumb": "/preview/page078.j",
      "thumb_name": "78",
      "partno": 6,
      "page_id": "61110Page077"
    },
    {
      "name": "page079",
      "type": 1,
      "index": 78,
      "thumb": "/preview/page079.j",
      "thumb_name": "79",
      "partno": 6,
      "page_id": "61110Page078"
    },
    {
      "name": "page080",
      "type": 1,
      "index": 79,
      "thumb": "/preview/page080.j",
      "thumb_name": "80",
      "partno": 6,
      "page_id": "61110Page079"
    },
    {
      "name": "page081",
      "type": 1,
      "index": 80,
      "thumb": "/preview/page081.j",
      "thumb_name": "81",
      "partno": 6,
      "page_id": "61110Page080"
    },
    {
      "name": "page082",
      "type": 1,
      "index": 81,
      "thumb": "/preview/page082.j",
      "thumb_name": "82",
      "partno": 6,
      "page_id": "61110Page081"
    },
    {
      "name": "page083",
      "type": 1,
      "index": 82,
      "thumb": "/preview/page083.j",
      "thumb_name": "83",
      "partno": 7,
      "page_id": "61110Page082"
    },
    {
      "name": "page084",
      "type": 1,
      "index": 83,
      "thumb": "/preview/page084.j",
      "thumb_name": "84",
      "partno": 7,
      "page_id": "61110Page083"
    },
    {
      "name": "page085",
      "type": 1,
      "index": 84,
      "thumb": "/preview/page085.j",
      "thumb_name": "85",
      "partno": 7,
      "page_id": "61110Page084"
    },
    {
      "name": "page086",
      "type": 1,
      "index": 85,
      "thumb": "/preview/page086.j",
      "thumb_name": "86",
      "partno": 7,
      "page_id": "61110Page085"
    },
    {
      "name": "page087",
      "type": 1,
      "index": 86,
      "thumb": "/preview/page087.j",
      "thumb_name": "87",
      "partno": 7,
      "page_id": "61110Page086"
    },
    {
      "name": "page088",
      "type": 1,
      "index": 87,
      "thumb": "/preview/page088.j",
      "thumb_name": "88",
      "partno": 7,
      "page_id": "61110Page087"
    },
    {
      "name": "page089",
      "type": 1,
      "index": 88,
      "thumb": "/preview/page089.j",
      "thumb_name": "89",
      "partno": 8,
      "page_id": "61110Page088"
    },
    {
      "name": "page090",
      "type": 1,
      "index": 89,
      "thumb": "/preview/page090.j",
      "thumb_name": "90",
      "partno": 8,
      "page_id": "61110Page089"
    },
    {
      "name": "page091",
      "type": 1,
      "index": 90,
      "thumb": "/preview/page091.j",
      "thumb_name": "91",
      "partno": 8,
      "page_id": "61110Page090"
    },
    {
      "name": "page092",
      "type": 1,
      "index": 91,
      "thumb": "/preview/page092.j",
      "thumb_name": "92",
      "partno": 8,
      "page_id": "61110Page091"
    },
    {
      "name": "page093",
      "type": 1,
      "index": 92,
      "thumb": "/preview/page093.j",
      "thumb_name": "93",
      "partno": 8,
      "page_id": "61110Page092"
    },
    {
      "name": "page094",
      "type": 1,
      "index": 93,
      "thumb": "/preview/page094.j",
      "thumb_name": "94",
      "partno": 8,
      "page_id": "61110Page093"
    },
    {
      "name": "page095",
      "type": 1,
      "index": 94,
      "thumb": "/preview/page095.j",
      "thumb_name": "95",
      "partno": 8,
      "page_id": "61110Page094"
    },
    {
      "name": "page096",
      "type": 1,
      "index": 95,
      "thumb": "/preview/page096.j",
      "thumb_name": "96",
      "partno": 8,
      "page_id": "61110Page095"
    },
    {
      "name": "page097",
      "type": 1,
      "index": 96,
      "thumb": "/preview/page097.j",
      "thumb_name": "97",
      "partno": 8,
      "page_id": "61110Page096"
    },
    {
      "name": "page098",
      "type": 1,
      "index": 97,
      "thumb": "/preview/page098.j",
      "thumb_name": "98",
      "partno": 8,
      "page_id": "61110Page097"
    },
    {
      "name": "page099",
      "type": 1,
      "index": 98,
      "thumb": "/preview/page099.j",
      "thumb_name": "99",
      "partno": 8,
      "page_id": "61110Page098"
    },
    {
      "name": "page100",
      "type": 1,
      "index": 99,
      "thumb": "/preview/page100.j",
      "thumb_name": "100",
      "partno": 8,
      "page_id": "61110Page099"
    },
    {
      "name": "page101",
      "type": 1,
      "index": 100,
      "thumb": "/preview/page101.j",
      "thumb_name": "101",
      "partno": 8,
      "page_id": "61110Page100"
    },
    {
      "name": "page102",
      "type": 1,
      "index": 101,
      "thumb": "/preview/page102.j",
      "thumb_name": "102",
      "partno": 9,
      "page_id": "61110Page101"
    },
    {
      "name": "page103",
      "type": 1,
      "index": 102,
      "thumb": "/preview/page103.j",
      "thumb_name": "103",
      "partno": 9,
      "page_id": "61110Page102"
    },
    {
      "name": "page104",
      "type": 1,
      "index": 103,
      "thumb": "/preview/page104.j",
      "thumb_name": "104",
      "partno": 10,
      "page_id": "61110Page103"
    },
    {
      "name": "page105",
      "type": 1,
      "index": 104,
      "thumb": "/preview/page105.j",
      "thumb_name": "105",
      "partno": 10,
      "page_id": "61110Page104"
    },
    {
      "name": "page106",
      "type": 1,
      "index": 105,
      "thumb": "/preview/page106.j",
      "thumb_name": "106",
      "partno": 10,
      "page_id": "61110Page105"
    },
    {
      "name": "page107",
      "type": 1,
      "index": 106,
      "thumb": "/preview/page107.j",
      "thumb_name": "107",
      "partno": 10,
      "page_id": "61110Page106"
    },
    {
      "name": "page108",
      "type": 1,
      "index": 107,
      "thumb": "/preview/page108.j",
      "thumb_name": "108",
      "partno": 10,
      "page_id": "61110Page107"
    },
    {
      "name": "page109",
      "type": 1,
      "index": 108,
      "thumb": "/preview/page109.j",
      "thumb_name": "109",
      "partno": 10,
      "page_id": "61110Page108"
    },
    {
      "name": "page110",
      "type": 1,
      "index": 109,
      "thumb": "/preview/page110.j",
      "thumb_name": "110",
      "partno": 10,
      "page_id": "61110Page109"
    },
    {
      "name": "page111",
      "type": 1,
      "index": 110,
      "thumb": "/preview/page111.j",
      "thumb_name": "111",
      "partno": 10,
      "page_id": "61110Page110"
    },
    {
      "name": "page112",
      "type": 1,
      "index": 111,
      "thumb": "/preview/page112.j",
      "thumb_name": "112",
      "partno": 11,
      "page_id": "61110Page111"
    },
    {
      "name": "page113",
      "type": 1,
      "index": 112,
      "thumb": "/preview/page113.j",
      "thumb_name": "113",
      "partno": 11,
      "page_id": "61110Page112"
    },
    {
      "name": "page114",
      "type": 1,
      "index": 113,
      "thumb": "/preview/page114.j",
      "thumb_name": "114",
      "partno": 11,
      "page_id": "61110Page113"
    },
    {
      "name": "page115",
      "type": 1,
      "index": 114,
      "thumb": "/preview/page115.j",
      "thumb_name": "115",
      "partno": 12,
      "page_id": "61110Page114"
    },
    {
      "name": "page116",
      "type": 1,
      "index": 115,
      "thumb": "/preview/page116.j",
      "thumb_name": "116",
      "partno": 12,
      "page_id": "61110Page115"
    },
    {
      "name": "page117",
      "type": 1,
      "index": 116,
      "thumb": "/preview/page117.j",
      "thumb_name": "117",
      "partno": 12,
      "page_id": "61110Page116"
    },
    {
      "name": "page118",
      "type": 1,
      "index": 117,
      "thumb": "/preview/page118.j",
      "thumb_name": "118",
      "partno": 12,
      "page_id": "61110Page117"
    },
    {
      "name": "page119",
      "type": 1,
      "index": 118,
      "thumb": "/preview/page119.j",
      "thumb_name": "119",
      "partno": 12,
      "page_id": "61110Page118"
    },
    {
      "name": "page120",
      "type": 1,
      "index": 119,
      "thumb": "/preview/page120.j",
      "thumb_name": "120",
      "partno": 12,
      "page_id": "61110Page119"
    },
    {
      "name": "page121",
      "type": 1,
      "index": 120,
      "thumb": "/preview/page121.j",
      "thumb_name": "121",
      "partno": 12,
      "page_id": "61110Page120"
    },
    {
      "name": "page122",
      "type": 1,
      "index": 121,
      "thumb": "/preview/page122.j",
      "thumb_name": "122",
      "partno": 12,
      "page_id": "61110Page121"
    },
    {
      "name": "page123",
      "type": 1,
      "index": 122,
      "thumb": "/preview/page123.j",
      "thumb_name": "123",
      "partno": 12,
      "page_id": "61110Page122"
    },
    {
      "name": "backcover2",
      "type": 4,
      "index": 1,
      "thumb": "/preview/backcover2.j",
      "thumb_name": "",
      "partno": 13,
      "page_id": "61110Backcover002"
    },
    {
      "name": "backcover1",
      "type": 4,
      "index": 2,
      "thumb": "/preview/backcover1.j",
      "thumb_name": "",
      "partno": 13,
      "page_id": "61110Backcover003"
    }
  ]
}