{
  "img": {
    "bg": [
      {
        "uri": "/page002/BasicData/page002.j",
        "w": 1439,
        "h": 2048,
        "ltx": 0,
        "lty": 0
      }
    ],
    "fg": {
      "kok": {
        "uri": "",
        "w": 0,
        "h": 0,
        "ltx": 0,
        "lty": 0
      },
      "cn": [],
      "en": [],
      "py": []
    }
  },
  "region": {
    "trans": "",
    "sentence": [],
    "sread": [],
    "hot_area": [],
    "hot_area_adv": []
  },
  "btype": 0,
  "original_id": "61110",
  "type": 1,
  "page_id": "61110Page001"
}